secao,titulo,mensagem,data,ordem
UMS Maguari - Atualização do bolsa família a partir do dia 17/08,Atualização Bolsa Família: 2ª vigência de 2026,Público - Crianças de até 6 anos e 11 meses e 29 dias / Mulheres de 14 até 45 anos.,8h às 12h e das 13h às 16h30,2
UMS MAGUARI CONVIDA - Encontros às 2as a partir do dia 21/09 às 9h,Grupo Cuidando do Coração,"Público - Hipertensos, Diabéticos, Pessoas com colesteraol/triglicerideos elevados, Pessoas com fatores de risco cardiovascular",21-09-2026,3
UMS MAGUARI CONVIDA - Encontros às 2as a partir do dia 21/09 às 14h,Gurupo Emagrecer com Sáude,Publico - Adultos com sobrepeso/obesidade ou que desejam melhorar a alimentação e o estilo de vida.,21-09-2026,4
Achados e perdidos,Pets desaparecidos,Busca por pets desaparecidos no bairro.,,5
Utilidade pública e alertas da vizinhança,Alertas de trânsito local,,,6
Utilidade pública e alertas da vizinhança,Água e energia,Avisos sobre desabastecimento de água ou manutenção na rede elétrica do bairro.,,7
Utilidade pública e alertas da vizinhança,Reuniões de moradores,Notificação de reuniões de moradores.,,8
Utilidade pública e alertas da vizinhança,Retirada de entulho,Dias e horários dos caminhões de retirada de entulho.,,9
Ações sociais e doações,Doações,"Doação de móveis, roupas, brinquedos e eletrodomésticos.",,10
Ações sociais e doações,Campanhas de arrecadação,Campanhas de arrecadação de alimentos ou agasalhos.,,11
Ações sociais e doações,Feiras e eventos culturais,Divulgação de feiras comunitárias e eventos culturais.,,12
Classificados de oportunidades,Caronas compartilhadas,Caronas compartilhadas para várias localidades.,,13
Classificados de oportunidades,Ponto de mototáxi,,,14
