secao,nome,descricao,telefone,ordem
Emergências principais (24h),Polícia Militar,Emergência policial,190,1
Emergências principais (24h),SAMU,Atendimento médico de urgência,192,2
Emergências principais (24h),Corpo de Bombeiros,"Incêndio, resgate e acidentes",193,3
Emergências principais (24h),Defesa Civil,"Alagamentos, desabamentos e árvores",199,4
Emergências principais (24h),Guarda Municipal,,153 / 190,5
Emergências principais (24h),Disque Denúncia,,181,6
Emergências principais (24h),Iluminação Pública,"Apagão, falta de energia",0800 000.3233,7
Emergências principais (24h),Coleta de entulho,,91-98405.3100,8
Emergências principais (24h),Atendimento à Mulher,,180,9
