categoria,subcategoria,nome,descricao,endereco,localizacao,horario,seg,ter,qua,qui,sex,sab,dom,entrega,telefone,telefone2
Alimentação,Açaí / Comidas Típicas,MAGUARI - + Ki Açaí,"Açaí popular, médio e grosso, farinha e farinha de tapioca.",Maguari - Principal (feira do conjunto maguari) ao lado do mercadinho expresso.,"-1.3316784843149185, -48.44342174620449",Todos os dias das 8h00 às 14h30,08:00-14:30,08:00-14:30,08:00-14:30,08:00-14:30,08:00-14:30,08:00-14:30,08:00-14:30,Grátis,5591985517963,5591985573574
Alimentação,Açaí / Comidas Típicas,MAGUARI - Açaí duelvis,"Açaí popular e médio, farinha: d'agua, lavada e de tapioca",Conj. Maguari - Principal esquina da 6,"-1.33109123911865, -48.44685027987358",Todos os dias das 9h às 14h,09:00-14:00,09:00-14:00,09:00-14:00,09:00-14:00,09:00-14:00,09:00-14:00,09:00-14:00,Grátis,5591982790105,5591982790105
Alimentação,Açaí / Comidas Típicas,MAGUARI - Açaí Real,"Açaí: popular, média e grosso, farinha d'agua e de tapioca","Conj. Maguari - Principal, 25 - entre 17 e 20","-1.3309403189963607, -48.43945137299829",Todos os dias das 8h às 20h,08:00-20:00,08:00-20:00,08:00-20:00,08:00-20:00,08:00-20:00,08:00-20:00,08:00-20:00,Grátis,5591981375217,5591984937608
Alimentação,Açaí / Comidas Típicas,MAGUARI - Açaí Soares,"Açaí, todos os tipos de farinhas, ovos e goma","Augusto Montenegro, 8 em frente ao ASSAÍ","-1.3289019646301103, -48.4497815621554",Todos os dias das 8h às 14h30 e das 15h às 18h,08:00-14:30 e 15:00-18:00,08:00-14:30 e 15:00-18:00,08:00-14:30 e 15:00-18:00,08:00-14:30 e 15:00-18:00,08:00-14:30 e 15:00-18:00,08:00-14:30 e 15:00-18:00,08:00-14:30 e 15:00-18:00,Grátis,5591991568351,5591991568351
Alimentação,Açaí / Comidas Típicas,MAGUARI - Companhia do Açaí,"Açaí grosso, médio e especial, farinha, polpa (encomenda)",Conj. Maguari - Principal entre 7 e 8,"-1.3309140586383545, -48.4458632709366",Todos os dias das 9h às 18h,09:00-18:00,09:00-18:00,09:00-18:00,09:00-18:00,09:00-18:00,09:00-18:00,09:00-18:00,Grátis,5591988341388,5591988341388
Alimentação,Açaí / Comidas Típicas,MAGUARI - North Açaí,"Açaí popular, médio e grosso",Conj. Maguari - Alameda 11 - próximo a feira,"-1.3322342635944082, -48.443765951596696",Todos  os dias das 8h às 14h,08:00-14:00,08:00-14:00,08:00-14:00,08:00-14:00,08:00-14:00,08:00-14:00,08:00-14:00,Grátis,5591984196884,5591984196884
Alimentação,Açaí / Comidas Típicas,MAGUARI - Sabor do Açaí,"Açaí, farinha dágua e farinha de tapioca",Conj. Maguari - Principal com a 2,"-1.3316640628579977, -48.44886929730165",Todos os dias das 11h às 15h,11:00-15:00,11:00-15:00,11:00-15:00,11:00-15:00,11:00-15:00,11:00-15:00,11:00-15:00,A combinar,5591989828407,5591987440555
Alimentação,Açaí / Comidas Típicas,TENONÉ - Açaí Paraense,"Açaí popular, médio e grosso",Tenoné - Rua 5a Linha,"-1.3288161620447638, -48.440426121129605",Todos os dias das 9h às 20h30,09:00-20:30,09:00-20:30,09:00-20:30,09:00-20:30,09:00-20:30,09:00-20:30,09:00-20:30,Grátis,5591993362048,5591993362048
Alimentação,Água de Coco  / Coxinha / Tapioca,MAGUARI - Nosso Coco,"Água de coco na fruta, copo e litro",Conj. Maguari - Principal com a 3,"-1.33147606809232, -48.44854892341298",Todos os dias das 8h às 13h e das 17h às 22h,08:00-13:00 e 17:00-22:00,08:00-13:00 e 17:00-22:00,08:00-13:00 e 17:00-22:00,08:00-13:00 e 17:00-22:00,08:00-13:00 e 17:00-22:00,08:00-13:00 e 17:00-22:00,08:00-13:00 e 17:00-22:00,A combinar,5591992197917,5591982983276
Alimentação,Frango Assado / Peixe Frito / Churrasquinho,COQUEIRO - Sabor Amazônia,"Tambaqui assado na máquina sem espinha, Peixe frito","Coqueiro - Rod. Marios Covas, 19 - frente ao Pedro Texeira","-1.3464774352978568, -48.45020493288442",Quinta a domingo das 9h30 às 14h,,,,09:30-14:00,09:30-14:00,09:30-14:00,09:30-14:00,A combinar,5591986022636,5591986022636
Alimentação,Frango Assado / Peixe Frito / Churrasquinho,MAGUARI - Aqui tem! Peixe Frito,"Peixe frito, Frango frito, Charque frito e Camarão frito",Conj. Maguari - Principal entre 17 e 20,"-1.330893268756502, -48.43964102579123",Todos os dias das 9h às 14h,09:00-14:00,09:00-14:00,09:00-14:00,09:00-14:00,09:00-14:00,09:00-14:00,09:00-14:00,A combinar,5591984209741,5591984209741
Alimentação,Frango Assado / Peixe Frito / Churrasquinho,MAGUARI - Cantinho do Churrasco,"Charrasco de carne, frango, linguiça e misto",Conj. Maguari - Principal com a 3,"-1.3313759789790671, -48.448506725718545",Todos os dias das 19h até 1h da manhã,19:00-01:00,19:00-01:00,19:00-01:00,19:00-01:00,19:00-01:00,19:00-01:00,19:00-01:00,A combinar,5591983821066,5591983821066
Alimentação,Frango Assado / Peixe Frito / Churrasquinho,MAGUARI - Frangão da 9,"Assados: Frango, carne, linguiça, porções e espetaria noturna",Conj. Maguari - Principal esquina da 9,"-1.3312164248909542, -48.4451253072757",Todos os dias das 8h às 14h30 e das 18h às 22h,08:00-14:30 e 18:00-22:00,08:00-14:30 e 18:00-22:00,08:00-14:30 e 18:00-22:00,08:00-14:30 e 18:00-22:00,08:00-14:30 e 18:00-22:00,08:00-14:30 e 18:00-22:00,08:00-14:30 e 18:00-22:00,A combinar,5591981561286,5591981561286
Alimentação,Frango Assado / Peixe Frito / Churrasquinho,MAGUARI - Frangão do Pastor,"Frango assado, coco ralado, farinha e sucos",Conj. Maguari - Principal esquina da 6,"-1.3311142755238534, -48.446730562640454",Terça a domingo 8h às 14h e 16 às 19h,,08:00-14:00 e 16:00-19:00,08:00-14:00 e 16:00-19:00,08:00-14:00 e 16:00-19:00,08:00-14:00 e 16:00-19:00,08:00-14:00 e 16:00-19:00,08:00-14:00 e 16:00-19:00,A combinar,5591981664252,5591985691057
Alimentação,Frango Assado / Peixe Frito / Churrasquinho,MAGUARI - Onda do Peixe,"Peixe frito, tambaqui assado sem espinha",Conj. Maguari - Principal entre 1 e 2,"-1.33175742784592, -48.44937023823873",Sábados e domingo das 10h às 14h,,,,,,10:00-14:00,10:00-14:00,"Taxa fixa R$5,00",5591981158026,5591981158026
Alimentação,Frango Assado / Peixe Frito / Churrasquinho,MAGUARI - Peixe frito do Empório,Peixe frito na hora,Conj. Maguari - Principal - entre 7 e 8,"-1.331043604299851, -48.44591078943876",Todos os dias das 8h às 18h,08:00-18:00,08:00-18:00,08:00-18:00,08:00-18:00,08:00-18:00,08:00-18:00,08:00-18:00,A combinar,5591984892575,5591984892575
Alimentação,Frango Assado / Peixe Frito / Churrasquinho,TENONÉ - Ponto do Peixe frito,Peixe frito na hora,"Tenoné - Alacid Nunes, 99A","-1.3256447976284809, -48.447685448600275",Segunda a sábado 8h às 12 e 15h às 19h,08:00-12:00 e 15:00-19:00,08:00-12:00 e 15:00-19:00,08:00-12:00 e 15:00-19:00,08:00-12:00 e 15:00-19:00,08:00-12:00 e 15:00-19:00,08:00-12:00 e 15:00-19:00,,Presencial,5591989961552,5591989961552
Alimentação,Lanchonetes / Hamburguerias,MAGUARI - God is love,Pizzas e lanches em geral,Conj. Maguari - Principal esquina da 8,"-1.331008961547973, -48.44573508615707",Todos os dias das 15h às 24h ,15:00-24:00,15:00-24:00,15:00-24:00,15:00-24:00,15:00-24:00,15:00-24:00,15:00-24:00,Grátis,5591982544765,5591982482013
Alimentação,Lanchonetes / Hamburguerias,MAGUARI - LL Doces e Salgados,"Lanches, doces e salgados","Conj. Maguari - Principal, 38 - entre 5 e 6.","-1.3311405012546647, -48.446886568594046",Seguanda a sábado  7h30 às 12h e das 16h às 20h,07:30-12:00 e 16:00-20:00,07:30-12:00 e 16:00-20:00,07:30-12:00 e 16:00-20:00,07:30-12:00 e 16:00-20:00,07:30-12:00 e 16:00-20:00,07:30-12:00 e 16:00-20:00,,Presencial,5591984376091,5591993866797
Alimentação,Lanchonetes / Hamburguerias,MAGUARI - Planet Burger,"Lanches artezanais e tradicionais, hamburger em geral",Conj. Maguari - Principal esquina da 14,"-1.3312601254745755, -48.442229905044734",Domingo a quinta das 19h às 24h / Sexta e sábado das 19h às 01h,19:00-24:00,19:00-24:00,19:00-24:00,19:00-24:00,19:00-01:00,19:00-01:00,19:00-24:00,Grátis,5591980752512,5591980752512
Alimentação,Mariscos & congelados,MAGUARI - Casa de Marisco Bragantina,"Mariscos, peixes, camarão, congelados, farinha de Bragança...","Conj. Maguari - Principal, 646 - entre 9 e 10","-1.3313689375751256, -48.444667954384975",Todos os dias das 7h30 às 12h30 e das 15h30 às 19h30,07:30-12:30 e 15:30-19:30,07:30-12:30 e 15:30-19:30,07:30-12:30 e 15:30-19:30,07:30-12:30 e 15:30-19:30,07:30-12:30 e 15:30-19:30,07:30-12:30 e 15:30-19:30,07:30-12:30 e 15:30-19:30,Grátis,5591980241242,5591999659735
Alimentação,Mariscos & congelados,MAGUARI - Empório do marisco LKS,"Congelados, camarão rosa, peixe frito...",Conj. Maguari - Principal - entre 7 e 8,"-1.331043604299851, -48.44591078943876",Todos os dias das 8h às 18h,08:00-18:00,08:00-18:00,08:00-18:00,08:00-18:00,08:00-18:00,08:00-18:00,08:00-18:00,A combinar,5591984892575,5591984892575
Alimentação,Padarias / Café / Doces & Salgados,CIDADE NOVA 2 - Didi Salgados,"Doces, salgados, tortas, bolos personalizados, atendemos eventos.","Conj. Cidade Nova 2 - WE 14b, 431","-1.3693409151163323, -48.41027670627183",Terça a domingo das 8h às 20h,,08:00-20:00,08:00-20:00,08:00-20:00,08:00-20:00,08:00-20:00,08:00-20:00,A combinar,5591996298926,5591996298926
Alimentação,Padarias / Café / Doces & Salgados,MAGUARI - Delícias do interior,"Doces, salgados, rosquinhas, biscoito de povilho",Conj. Maguari - Principal entre 8 e 9,"-1.3310121888244428, -48.44533147819108",Todos os dias das 8h às 12h e das 16h às 18h,08:00-12:00 e 16:00-18:00,08:00-12:00 e 16:00-18:00,08:00-12:00 e 16:00-18:00,08:00-12:00 e 16:00-18:00,08:00-12:00 e 16:00-18:00,08:00-12:00 e 16:00-18:00,08:00-12:00 e 16:00-18:00,Presencial,5591987672816,5591980642027
Alimentação,Padarias / Café / Doces & Salgados,MAGUARI - Doce Afeto,Doces e Salgados,Delivery,,Sexta a domingo ,,,,,,,,Grátis,5591982104525,5591989342089
Alimentação,Padarias / Café / Doces & Salgados,MAGUARI - Empadas,"Empadas, aceitamos encomendas","Conj. Maguari - Alameda 26, Nº 15","-1.3351424258582394, -48.43480771819016",Segunda a sábado das 8h às 18h,08:00-18:00,08:00-18:00,08:00-18:00,08:00-18:00,08:00-18:00,08:00-18:00,,A combinar,559181990468,5591982831474
Alimentação,Padarias / Café / Doces & Salgados,TENONÉ - Café da Inhá,"Café, doces, salgados, aceitamos encomendas",Tenoné - Alacid Nunes esquina da São Pedro,"-1.3258790238142213, -48.438476115763976",Segunda a sábado das 8h às 18h,08:00-18:00,08:00-18:00,08:00-18:00,08:00-18:00,08:00-18:00,08:00-18:00,,A combinar,5591981030557,5591981030557
Alimentação,Padarias / Café / Doces & Salgados,TENONÉ - Coxinha da Concy,"Coxinhas de diversos sabores, aceitamos encomendas","Tenoné - Alacid Nunes, 1B","-1.3256530043045305, -48.434854767510686",Segunda a sábado das 8h às 18h,08:00-18:00,08:00-18:00,08:00-18:00,08:00-18:00,08:00-18:00,08:00-18:00,,A combinar,5591992245200,5591992245200
Alimentação,Pizzarias / Pastelarias,MAGUARI - PastelLum,Pastelaria e Sushi,"Augusto Montenegro, galeria do posto em frente ao BRT","-1.3308729687179193, -48.44967503673555",Todos os dias das 16h às 23h,16:00-23:00,16:00-23:00,16:00-23:00,16:00-23:00,16:00-23:00,16:00-23:00,16:00-23:00,"Taxa de 5,00",5591986303177,5591988114944
Alimentação,Restaurantes / Marmitex,MAGUARI - Buba's Prime,Refeiçoes em geral - Hamburger à noite,"Conj. Maguari - Principal, 44 - esquina da 4","-1.331496745753173, -48.447898641863716",Segunda a sábado 11h às 14 e 18h às 24h,11:00-14:00 e 18:00-24:00,11:00-14:00 e 18:00-24:00,11:00-14:00 e 18:00-24:00,11:00-14:00 e 18:00-24:00,11:00-14:00 e 18:00-24:00,11:00-14:00 e 18:00-24:00,,Grátis - pedido mínimo,5591998083247,5591981247374
Alimentação,Restaurantes / Marmitex,MAGUARI - Churrasco Boi Negro,"Churrasco, marmitex, prato feito",Augusto Montenegro em frente ao ASSAÍ,"-1.3284468355012644, -48.4497224662523",Todos os dias das 11h às 15h,11:00-15:00,11:00-15:00,11:00-15:00,11:00-15:00,11:00-15:00,11:00-15:00,11:00-15:00,Grátis,5591920039460,5591981167661
Alimentação,Restaurantes / Marmitex,MAGUARI - Delícias da Paty,"Café da manhã, marmitex, sopa, suco natural...",Conj. Maguari - Principal - entre 17 e 20,"-1.330835137391553, -48.440071774524895",Segunda a sábado das 9h às 15h,09:00-15:00,09:00-15:00,09:00-15:00,09:00-15:00,09:00-15:00,09:00-15:00,,Grátis,5591999194169,5591999194169
Alimentação,Restaurantes / Marmitex,SATÉLITE - BM Evolution Espetinhos e Hamburger,"Refeiçoes em geral, marmitex, espetinhos e hamburger","Conj. Satélite - WE 8, 485 - frente a igreja bom remédio","-1.340925558378141, -48.44479527743613",Terça a domingo 8h às 14h e das 16 às 23h,,08:00-14:00 e 16:00-23:00,08:00-14:00 e 16:00-23:00,08:00-14:00 e 16:00-23:00,08:00-14:00 e 16:00-23:00,08:00-14:00 e 16:00-23:00,08:00-14:00 e 16:00-23:00,A combinar,5591993313312,5591992063235
Alimentação,Restaurantes / Marmitex,SATÉLITE - Restaurante da tia Rosa,"Refeições e sucos, marmites / Churrasco à noite","Conj. Satélite - 1ª rua da COSANPA, 27 - em frente a caixa dágua","-1.3425669470675456, -48.44170870877888",Segunda a sábado das 9h às 15h e das 18h às 24h,09:00-15:00 e 18:00-24:00,09:00-15:00 e 18:00-24:00,09:00-15:00 e 18:00-24:00,09:00-15:00 e 18:00-24:00,09:00-15:00 e 18:00-24:00,09:00-15:00 e 18:00-24:00,,"Grátis no Satélite, a combinar em outras localidades",5591981175829,5591981175829
Alimentação,Sorverterias / Casa de Sucos,"ESPAÇO VAGO para o seu negócio, Venha fazer parte da maior vitrine digital da região.",ENTRE EM CONTATO,ENTRE EM CONTATO,,ENTRE EM CONTATO,,,,,,,,ENTRE EM CONTATO,5591985554004,5591985554004
Automotivo,"Autopeças / Baterias, Pneus e Acessórios / Carro e Moto",MAGUARI - Baterias BR Montenegro ,Baterias para carros e motos,Augusto Montenegro frente ao batalhão de polícia,"-1.3349201748796264, -48.45033241472463",Segunda a sábado das 8h às 18h,08:00-18:00,08:00-18:00,08:00-18:00,08:00-18:00,08:00-18:00,08:00-18:00,,Grátis,5591989706511,5591981125733
Automotivo,"Autopeças / Baterias, Pneus e Acessórios / Carro e Moto",MAGUARI - BK Moto store,"Capacetes, acessórios, higienização de capacetes...","Conj. Maguari - Principal, 33 entre 9 e 10","-1.3314105016518132, -48.44457653182116",Todos os dias 8h30 às 12h30 e das 15h30 às 19h,08:30-12:30 e 15:30-19:00,08:30-12:30 e 15:30-19:00,08:30-12:30 e 15:30-19:00,08:30-12:30 e 15:30-19:00,08:30-12:30 e 15:30-19:00,08:30-12:30 e 15:30-19:00,08:30-12:30 e 15:30-19:00,A combinar,5591974005388,5591974005388
Automotivo,"Autopeças / Baterias, Pneus e Acessórios / Carro e Moto",TENONÉ - Autopeças Tenoné,Peças e acessórios para veículos,"Tenoné - Alacid Nunes, 300","-1.3260117087020173, -48.446118926169284",Segunda a sábado 8h às 12 e 15h às 19h,08:00-12:00 e 15:00-19:00,08:00-12:00 e 15:00-19:00,08:00-12:00 e 15:00-19:00,08:00-12:00 e 15:00-19:00,08:00-12:00 e 15:00-19:00,08:00-12:00 e 15:00-19:00,,Presencial,5591988380178,5591982671078
Automotivo,Borracharias,"MAGUARI - Jailton Cofre, Borracheiro",Serviços de borracharia em geral,"Conj. Maguari - Principal, 3 - entre 17 e 20","-1.3307780838132428, -48.43915090493962",Segunda a sexta das 8h às 12h e das 14h30 às 18h / Sábado das 8h às 12h,08:00-12:00 e 14:30-18:00,08:00-12:00 e 14:30-18:00,08:00-12:00 e 14:30-18:00,08:00-12:00 e 14:30-18:00,08:00-12:00 e 14:30-18:00,08:00-12:00,,Atende a domicílio,5591982971179,5591982971179
Automotivo,Borracharias,TENONÉ - Borracharia Ideal,Serviços de borracharia em geral,"Tenoné - Principal, WE2 Nº 17","-1.3262011853788687, -48.44783446331651",Segunda a sábado das 7h às 12h e das 14h às 18h,07:00-12:00 e 14:00-18:00,07:00-12:00 e 14:00-18:00,07:00-12:00 e 14:00-18:00,07:00-12:00 e 14:00-18:00,07:00-12:00 e 14:00-18:00,07:00-12:00 e 14:00-18:00,,Atende a domicílio,5591987211366,5591987211366
Automotivo,Borracharias,TENONÉ - Borracharia Pinheiro,Serviços de borracharia em geral,"Tenoné - Alacid Nunes, 284A","-1.3254331130338994, -48.435124190928626",Segunda a sábado 8h às 12 e 15h às 19h,08:00-12:00 e 15:00-19:00,08:00-12:00 e 15:00-19:00,08:00-12:00 e 15:00-19:00,08:00-12:00 e 15:00-19:00,08:00-12:00 e 15:00-19:00,08:00-12:00 e 15:00-19:00,,Presencial,5591986226516,5591986226516
Automotivo,Estética automotiva Envelopamento  Lava-jato,ANANINDEUA - SR Envelopamento,"Envelopamento de Frotas, Comercial e Decorativo","Ananindeua - Rua Cristo Redentor, 235 - Icuí","-1.3412640325075627, -48.39743240627204",Segunda a sábado das 8h às 18h,08:00-18:00,08:00-18:00,08:00-18:00,08:00-18:00,08:00-18:00,08:00-18:00,,Trabalhamos com agendamento,5591980416613,5591980416613
Automotivo,Oficinas Mecânicas - Carros,MAGUARI - BAMETO,"Oficina mecânica, pneus e peças, locacação de veículos","Rua Belém, 2 próximo a Augusto Montenegro","-1.329076997274082, -48.449214350204855",Segunda a sábado das 8h às 18h,08:00-18:00,08:00-18:00,08:00-18:00,08:00-18:00,08:00-18:00,08:00-18:00,,Deslocamento de veículos grátis,5591992620820,5591980410647
Automotivo,Oficinas Mecânicas - Carros,MAGUARI - CARBLACK centro automotivo,Mecânica em geral,Augusto Montenegro ao lado do ASSAÍ,"-1.328653992599144, -48.44941484532891",Segunda a sábado 8h às 18h,08:00-18:00,08:00-18:00,08:00-18:00,08:00-18:00,08:00-18:00,08:00-18:00,,Presencial,5591983821066,5591983951724
Automotivo,Oficinas Mecânicas - Carros,MAGUARI - L B Serviços Automotivos,"Mecânica, funilaria e pintura",Augusto Montenegro em frente ao ASSAÍ,"-1.3278347979155658, -48.449697147825646",Segunda a sábado 8h às 12h e 14h às 18h,08:00-12:00 e 14:00-18:00,08:00-12:00 e 14:00-18:00,08:00-12:00 e 14:00-18:00,08:00-12:00 e 14:00-18:00,08:00-12:00 e 14:00-18:00,08:00-12:00 e 14:00-18:00,,Deslocamento de veículos grátis,5591981610616,5591988852617
Automotivo,Oficinas Mecânicas - Carros,SATÉLITE - GS Serviços,"Oficina mecânica, estética automotiva...","Conj. Satélite - WE 8, 585 - frente a igreja do bom remédio","-1.340806610164454, -48.44391593325657",Segunda a sexta das 8h às 12h e das 14h às 18h / Sábado das 8h às 14h,08:00-12:00 e 14:00-18:00,08:00-12:00 e 14:00-18:00,08:00-12:00 e 14:00-18:00,08:00-12:00 e 14:00-18:00,08:00-12:00 e 14:00-18:00,08:00-14:00,,Serviço de deslocamento grátis,5591985780809,5591985780809
Automotivo,Oficinas Mecânicas - Carros,TENONÉ - Império Car,"Funilaria, pintura, estética...","Tenoné - Alacid Nunes, 30","-1.325809327459986, -48.44340739277977",Segunda a sábado 8h às 12 e 15h às 19h,08:00-12:00 e 15:00-19:00,08:00-12:00 e 15:00-19:00,08:00-12:00 e 15:00-19:00,08:00-12:00 e 15:00-19:00,08:00-12:00 e 15:00-19:00,08:00-12:00 e 15:00-19:00,,Presencial,5591981040240,5591981040240
Automotivo,Oficinas Mecânicas - Motos,MAGUARI - Empório das motos,Peças e serviços em geral para motos,Conj. Maguari - Principal entre 6 e 7,"-1.3311549881316644, -48.44640361394395",segunda a sábado 8h às 12 e 15h às 19h,08:00-12:00 e 15:00-19:00,08:00-12:00 e 15:00-19:00,08:00-12:00 e 15:00-19:00,08:00-12:00 e 15:00-19:00,08:00-12:00 e 15:00-19:00,08:00-12:00 e 15:00-19:00,,Grátis,5591984157385,5591984157385
Automotivo,Oficinas Mecânicas - Motos,MAGUARI - RR Motos,Mecânica de motos em geral,"Conj. Maguari - Alameda 11, 111 - próximo a feira","-1.3320188963419952, -48.44364691615267","Segunda a sexta das 9h às 19h, sábado das 9h às 14h",09:00-19:00,09:00-19:00,09:00-19:00,09:00-19:00,09:00-19:00,09:00-14:00,,Serviço de deslocamento grátis,5591985894633,5591985894633
Automotivo,Oficinas Mecânicas - Motos,SATÉLITE - DM Motos,Mecânica de motos em geral e Borracharia,"Conj. Satélite - WE 12, 650 - próximo da rua Xingu","-1.3388143582231111, -48.44383205045161",Segunda a sábado das 8h às 12h e das 14h às 20h30,08:00-12:00 e 14:00-20:30,08:00-12:00 e 14:00-20:30,08:00-12:00 e 14:00-20:30,08:00-12:00 e 14:00-20:30,08:00-12:00 e 14:00-20:30,08:00-12:00 e 14:00-20:30,,Fazemos serviços a domicílio,5591980257415,5591980257415
Automotivo,Oficinas Mecânicas - Motos,SATÉLITE - Mago motos,Oficina mecânica ,"Conj. Satélite - SN 5, entre WE 8 e WE 9","-1.3406259482360146, -48.44345066673995",Todos os dias das 8h30 às 18h,08:30-18:00,08:30-18:00,08:30-18:00,08:30-18:00,08:30-18:00,08:30-18:00,08:30-18:00,Deslocamento grátis,5591982279141,5591982279141
Automotivo,Refrigeração,TENONÉ - W E Refrigeração,Refrigeração automotiva em geral,"Tenoné - 6ª linha, Box 4 - entre Rua da Paz e Ruas das Orquideas","-1.3244151766471255, -48.43597708881255",Segunda a sábado das 8h às 20h,08:00-20:00,08:00-20:00,08:00-20:00,08:00-20:00,08:00-20:00,08:00-20:00,,Presencial,5591981177950,5591981177950
Beleza & Estética,Ateliê de  Costura / Alfaiataria / Curso de corte e costura,MAGUARI - Lourdes Atêlier e Escola de Corte & Costura ,"Curso de corte & costura, ajustes, reparos",Conj. Maguari - Principal - entre 25 e 26,"-1.33002489297285, -48.435957415283994",Segunda a sábado 8h30 às 12 e 15h às 19h,08:30-12:00 e 15:00-19:00,08:30-12:00 e 15:00-19:00,08:30-12:00 e 15:00-19:00,08:30-12:00 e 15:00-19:00,08:30-12:00 e 15:00-19:00,08:30-12:00 e 15:00-19:00,,Presencial,5591992234219,5591992234219
Beleza & Estética,Ateliê de  Costura / Alfaiataria / Curso de corte e costura,SATÉLITE - Betania Pereira Ateliê,Fabricante de peças esportivas femininas,"Conj. Satélite - WE 10, 1455","-1.3383579804652384, -48.4359310639438",Segunda a sexta das 8h às 17h,08:00-17:00,08:00-17:00,08:00-17:00,08:00-17:00,08:00-17:00,,,Presencial,5591981064391,5591981064391
Beleza & Estética,Ateliê de  Costura / Alfaiataria / Curso de corte e costura,TENONÉ - Atêlier Bee Queen,"Corte & costura, ajustes, reparos...","Tenoné - Quinta linha, BOX 2","-1.3274669846625926, -48.44072533740874",Segunda a sábado 8h às 12 e 15h às 19h,08:00-12:00 e 15:00-19:00,08:00-12:00 e 15:00-19:00,08:00-12:00 e 15:00-19:00,08:00-12:00 e 15:00-19:00,08:00-12:00 e 15:00-19:00,08:00-12:00 e 15:00-19:00,,Presencial,5591981059195,5591981059195
Beleza & Estética,Barbearias,MAGUARI - Barbearia oficial,Todos os proicedimentos de barbearia,Conj. Maguari - Principal entre 9 e 10,"-1.3313187048731052, -48.44481128452806",Todos os dias das 8h às 20h,08:00-20:00,08:00-20:00,08:00-20:00,08:00-20:00,08:00-20:00,08:00-20:00,08:00-20:00,Presencial,5591987640325,5591993954210
Beleza & Estética,Barbearias,TENONÉ - Cleyton Barbearia,Todos os proicedimentos de barbearia,"Tenoné - Sexta linha, 35","-1.3200792048830772, -48.43610193325677",Segunda a sábado das 7h às 12h e das 14h às 18h,07:00-12:00 e 14:00-18:00,07:00-12:00 e 14:00-18:00,07:00-12:00 e 14:00-18:00,07:00-12:00 e 14:00-18:00,07:00-12:00 e 14:00-18:00,07:00-12:00 e 14:00-18:00,,Presencial,5591997207744,5591997207744
Beleza & Estética,Clínicas de Estética,"ESPAÇO VAGO para o seu negócio, Venha fazer parte da maior vitrine digital da região.",ENTRE EM CONTATO,ENTRE EM CONTATO,,ENTRE EM CONTATO,,,,,,,,ENTRE EM CONTATO,5591985554004,5591985554004
Beleza & Estética,Escolas de Beleza,TENONÉ - Lauro Costa Profissional Hair,"Formação profissional na área de cabelereiro, todos os procedimentos de salão de Beleza, venda de produtos de beleza.","Tenoné - Quinta linha, Quadra C 2 - ao lado da Rodrigo Bike","-1.3272185519714852, -48.440468790032554",Segunda a quinta das 8h às 12h,08:00-12:00,08:00-12:00,08:00-12:00,08:00-12:00,,,,Atende a domicílio,5591982956890,5591982956890
Beleza & Estética,Esmalteria / Nails / Sobrancelhas,"ESPAÇO VAGO para o seu negócio, Venha fazer parte da maior vitrine digital da região.",ENTRE EM CONTATO,ENTRE EM CONTATO,,ENTRE EM CONTATO,,,,,,,,ENTRE EM CONTATO,5591985554004,5591985554004
Beleza & Estética,Perfumes / Cosméticos / Maquiagem,MAGUARI - Helô Make,Maquiagem e consméticos,"Conj. Maguari - Principal, 36A - entre 6 e 7","-1.3313127780472125, -48.44708420547696",Segunda a sábado das 8h às 12h e das 15h40 às 20h,08:00-12:00 e 15:40-20:00,08:00-12:00 e 15:40-20:00,08:00-12:00 e 15:40-20:00,08:00-12:00 e 15:40-20:00,08:00-12:00 e 15:40-20:00,08:00-12:00 e 15:40-20:00,,A combinar,5591985344861,5591985344861
Beleza & Estética,Perfumes / Cosméticos / Maquiagem,MAGUARI - Sempre Bela,"Perfumes nacionais, Natura, Boticário, cosméticos, presentes...",Conj. Maguari - Principal entre 6 e 7,"-1.3313412194897132, -48.44714489693793",segunda a sábado das 9h às 12 e 15h às 19h,09:00-12:00 e 15:00-19:00,09:00-12:00 e 15:00-19:00,09:00-12:00 e 15:00-19:00,09:00-12:00 e 15:00-19:00,09:00-12:00 e 15:00-19:00,09:00-12:00 e 15:00-19:00,,A combinar,5591982165540,5591982165540
Beleza & Estética,Salões de Beleza,COQUEIRO - Salão e Esmalteria Sobrinho Beauty,"Todos os procedimentos de salão de beleza, Nail designer, Manicure e Pedicure",Conj. Satélite - avenida petencostal 01 .B,"-1.3459747339433878, -48.449446780813965",Segunda a sábado das 8h às 19h,08:00-19:00,08:00-19:00,08:00-19:00,08:00-19:00,08:00-19:00,08:00-19:00,,Presencial,5591989194847,5591982153650
Beleza & Estética,Salões de Beleza,MAGUARI - Espaço Bella,"Todos os procedimentos de salão de beleza, Manicure, Sobrancelhas, Aplicaçãod e cílios","Augusto Montenegro, 3649 - Frente ao Clube dos Advogados","-1.3266258474480646, -48.44919339115455",Terça a sábado das 9h às 20h (não fecha no almoço),,09:00-20:00,09:00-20:00,09:00-20:00,09:00-20:00,09:00-20:00,,Presencial,5591983094124,5591983094124
Beleza & Estética,Salões de Beleza,MAGUARI - Studio Donna Bela,Todos os procedimentos de salão de beleza,"Conj. Maguari - Principal, 76B - entre 13 e 14","-1.331303596052174, -48.44239635568284",segunda a sábado das 9h às 19h,09:00-19:00,09:00-19:00,09:00-19:00,09:00-19:00,09:00-19:00,09:00-19:00,,Presencial,5591981221531,5591981004939
Beleza & Estética,Salões de Beleza,TENONÉ - Simone Rhayka Studio de Beleza,"Todos os procedimentos de salão de beleza, Manicure, Nail designer, Lash de Cílios e Sobrancelhas, depilação rosto e Axilas...","Tenoné - Alacid Nunes, 101 - frente ao condomínio Afonso Gil","-1.325954223626123, -48.44334766394397",Terça a Sábado das 9h às 19h,,09:00-19:00,09:00-19:00,09:00-19:00,09:00-19:00,09:00-19:00,,Presencial,5591980537927,5591980537927
Comércio,Açougues / Peixarias,"ESPAÇO VAGO para o seu negócio, Venha fazer parte da maior vitrine digital da região.",ENTRE EM CONTATO,ENTRE EM CONTATO,,ENTRE EM CONTATO,,,,,,,,ENTRE EM CONTATO,5591985554004,5591985554004
Comércio,Convêniencia / Loja de variedades,MAGUARI - Eri Variedades,Bebidas e variedades em geral,"Conj. Maguari - Alameda 3, 80","-1.329463754497474, -48.44866651147992",Todos os dias das 8h às 20h,08:00-20:00,08:00-20:00,08:00-20:00,08:00-20:00,08:00-20:00,08:00-20:00,08:00-20:00,Grátis,5591989924945,5591989924945
Comércio,Convêniencia / Loja de variedades,MAGUARI - Rei dos Reis,"Mercearia, água mineral, manutenção de ventiladores","Conj. Maguari - Principal, 102 - em frente a 20","-1.3306290726761831, -48.43900772921071",Segunda a sábado das 8h às 22h / terça e domingo das 8h às 18h,08:00-22:00,08:00-18:00,08:00-22:00,08:00-22:00,08:00-22:00,08:00-22:00,08:00-18:00,Grátis,5591987382846,5591987382846
Comércio,Distribuidora de bebidas / Água e Gás,MAGUARI - Depósito de água do Marley,"Água, bebidas, refrigerantes e material de limpeza","Conj. Maguari - Principal, 36 esquina da 6","-1.3312401658461166, -48.44668086728242",Segunda a sábado das 8h às 12h e das 16h às 20h,08:00-12:00 e 16:00-20:00,08:00-12:00 e 16:00-20:00,08:00-12:00 e 16:00-20:00,08:00-12:00 e 16:00-20:00,08:00-12:00 e 16:00-20:00,08:00-12:00 e 16:00-20:00,,Presencial,5591998146687,5591998146687
Comércio,Equipamentos de segurança / EPI,MAGUARI - ENGESEG EPIs,"EPIs em geral, material de limpeza, uniformes...","Conj. Maguari - Principal, 133 - entre 2 e 3.","-1.331647795165977, -48.4487124788408",Segunda a sexta das 8h às 12h e das 14h às 18h,08:00-12:00 e 14:00-18:00,08:00-12:00 e 14:00-18:00,08:00-12:00 e 14:00-18:00,08:00-12:00 e 14:00-18:00,08:00-12:00 e 14:00-18:00,,,Grátis,5591984462585,5591984462585
Comércio,Hortifruti / Sacolão,MAGUARI - Fruteira da Noeme,Hortifruti em geral,"Conj. Maguari - Principal, Feira do Maguari Box 185","-1.3316659217483333, -48.44344221761358",Todos os dias das 6h30 às 21h30,06:30-21:30,06:30-21:30,06:30-21:30,06:30-21:30,06:30-21:30,06:30-21:30,06:30-21:30,A combinar,5591982458228,5591982458228
Comércio,Hortifruti / Sacolão,MAGUARI - Horti center,Tudo em hortifruti,Conj. Maguari - Principal entre 10 e 11,"-1.3314310223186678, -48.44411123880884",Todos os dias das 7h às 12h30 e das 15h às 18h,07:00-12:30 e 15:00-18:00,07:00-12:30 e 15:00-18:00,07:00-12:30 e 15:00-18:00,07:00-12:30 e 15:00-18:00,07:00-12:30 e 15:00-18:00,07:00-12:30 e 15:00-18:00,07:00-12:30 e 15:00-18:00,Presencial,5591991954426,5591991954426
Comércio,Hortifruti / Sacolão,MAGUARI - Mercadinho 2000,"Frutas, verduras e legumes, mercearia...",Conj. Maguari - Secundária entre 13 e 14,"-1.3346861725200272, -48.44161904945647",Todos os dias das 7h às 12h30 e das 16h às 22h,07:00-12:30 e 16:00-22:00,07:00-12:30 e 16:00-22:00,07:00-12:30 e 16:00-22:00,07:00-12:30 e 16:00-22:00,07:00-12:30 e 16:00-22:00,07:00-12:30 e 16:00-22:00,07:00-12:30 e 16:00-22:00,Grátis,5591983048535,5591983048535
Comércio,Livraria / Papelaria,"ESPAÇO VAGO para o seu negócio, Venha fazer parte da maior vitrine digital da região.",ENTRE EM CONTATO,ENTRE EM CONTATO,,ENTRE EM CONTATO,,,,,,,,ENTRE EM CONTATO,5591985554004,5591985554004
Comércio,Móveis e Estofados,"ESPAÇO VAGO para o seu negócio, Venha fazer parte da maior vitrine digital da região.",ENTRE EM CONTATO,ENTRE EM CONTATO,,ENTRE EM CONTATO,,,,,,,,ENTRE EM CONTATO,5591985554004,5591985554004
Comércio,Supermercados / Mercearias,MAGUARI - Mercadinho expresso,Mercearia,"Conj. Maguari - Principal, Feira do Maguari","-1.331605235954873, -48.443162779690084",Todos os dias das 6h30 às 23h30,06:30-23:30,06:30-23:30,06:30-23:30,06:30-23:30,06:30-23:30,06:30-23:30,06:30-23:30,A combinar,5591987445180,5591984337572
Comércio,Supermercados / Mercearias,SATÉLITE - Comercial Star,Supermercado,Conj. Satélite - SN 5 esquina da WE 8,"-1.3411183363033525, -48.44367809864657",Segunda a sábado das 7h30 às 13h e das 15h às 20h30 / Domingo das 7h30 às 13h,07:30-13:00 e 15:00-20:30,07:30-13:00 e 15:00-20:30,07:30-13:00 e 15:00-20:30,07:30-13:00 e 15:00-20:30,07:30-13:00 e 15:00-20:30,07:30-13:00 e 15:00-20:30,07:30-13:00,Grátis no Satélite,5591982281991,5591982281991
Comércio,Supermercados / Mercearias,SATÉLITE - Rei do Ovo Satélite,"Ovos, farinha, tapioca, produtos de limpeza, mercearia","Conj. Satélite - WE 8, 495 - frente a igreja do bom remédio","-1.3408099993973255, -48.44474947743614","Segunda a sexta 8h às 13h / 16h às 212, sábado 8h às 13h / 17h às 20h, domingo 8h às 13h",08:00-13:00 e 16:00-21:00,08:00-13:00 e 16:00-21:00,08:00-13:00 e 16:00-21:00,08:00-13:00 e 16:00-21:00,08:00-13:00 e 16:00-21:00,08:00-13:00 e 17:00-20:00,08:00-13:00,A combinar,5591980126508,5591980126508
Construção,Construções / Reformas,MAGUARI - ENGESEG EPIs,"Construções, reformas, acabamentos...","Conj. Maguari - Principal, 133 - entre 2 e 3.","-1.331647795165977, -48.4487124788408",Segunda a sexta das 8h às 12h e das 14h às 18h,08:00-12:00 e 14:00-18:00,08:00-12:00 e 14:00-18:00,08:00-12:00 e 14:00-18:00,08:00-12:00 e 14:00-18:00,08:00-12:00 e 14:00-18:00,,,Grátis,5591993743839,5591993743839
Construção,Depósito de Material / Estâncias,MAGUARI - Eletrotintas Homecenter,"Elétrica, tintas, telhas e cimento.","Conj. Maguari - Principal, 51 - entre 4 e 5.","-1.3312378579413935, -48.447535099921055",Segunda a sábado  7h30 às 12h e 14h às 18h,07:30-12:00 e 14:00-18:00,07:30-12:00 e 14:00-18:00,07:30-12:00 e 14:00-18:00,07:30-12:00 e 14:00-18:00,07:30-12:00 e 14:00-18:00,07:30-12:00 e 14:00-18:00,,Grátis,5591998092713,5591998092713
Construção,Depósito de Material / Estâncias,MAGUARI - Estância União,"Mat. de construção em geral, ferramentas, ferragens, tintas...",Conj. Maguari - Principal entre 14 e 15,"-1.3313681116613574, -48.44173227473198",Segunda a sábado das 8h às 12h30 e das 15h às 18h30 / Domingo das 8h30 às 12h30,08:00-12:30 e 15:00-18:30,08:00-12:30 e 15:00-18:30,08:00-12:30 e 15:00-18:30,08:00-12:30 e 15:00-18:30,08:00-12:30 e 15:00-18:30,08:00-12:30 e 15:00-18:30,08:30-12:30,Presencial,5591988341327,5591988341327
Construção,Depósito de Material / Estâncias,MAGUARI - Evelyn Materiais de Construção,"Mat. de construção em geral, areia, seixo, cimento, madeira, elétrico, hidráulico e acabamento","Conj. Maguari - Principal, 119 - entre 20 e 21","-1.3307244337867377, -48.438782922094155",Segunda a sexta das 7h30 às 16h  / Sábado 7h30 às 12h30,07:30-16:00,07:30-16:00,07:30-16:00,07:30-16:00,07:30-16:00,07:30-12:30,,Grátis,5591989709043,5591980589892
Construção,Depósito de Material / Estâncias,MAGUARI - Queimão da construção,Material de construção e acabamento,Conj. Maguari - Principal entre 10 e 11,"-1.3314618305762143, -48.44392851704339",Todos os dias das 8h às 12h e das 14h às 18h,08:00-12:00 e 14:00-18:00,08:00-12:00 e 14:00-18:00,08:00-12:00 e 14:00-18:00,08:00-12:00 e 14:00-18:00,08:00-12:00 e 14:00-18:00,08:00-12:00 e 14:00-18:00,08:00-12:00 e 14:00-18:00,Grátis,5591980262984,5591985052882
Construção,Depósito de Material / Estâncias,SATEÉLITE - A Construtora,"Material de acabamento, Hidráulico e Eletrico","Satélite - WE 8, 655 esquina da SN 5","-1.3408190464156664, -48.44341922020391",Segunda a sexta das 8h às 12h e das 15h às 18h / Sãbado e domiengo das 8h às 12h,08:00-12:00 e 15:00-18:00,08:00-12:00 e 15:00-18:00,08:00-12:00 e 15:00-18:00,08:00-12:00 e 15:00-18:00,08:00-12:00 e 15:00-18:00,08:00-12:00,08:00-12:00,A combinar,5591980615419,5591980615419
Construção,Depósito de Material / Estâncias,TENONÉ - Massa Materiais de Construção,"Material de construção, areia, seixo, cimento, tijolos e ferro, Tintas, Hidráulica e Elétrica","Tenoné - Alacid Nunes, 200 - frente a Paraibana","-1.3258930486011917, -48.43994999456542",Segunda sábado das 7h30 às 13h e das 15h30 às 19h30 / Domingo das 8h às 13h,07:30-13:00 e 15:30-19:30,07:30-13:00 e 15:30-19:30,07:30-13:00 e 15:30-19:30,07:30-13:00 e 15:30-19:30,07:30-13:00 e 15:30-19:30,07:30-13:00 e 15:30-19:30,08:00-13:00,Grátis,5591980124574,5591982173065
Construção,Ferramentas / Ferragens,"ESPAÇO VAGO para o seu negócio, Venha fazer parte da maior vitrine digital da região.",ENTRE EM CONTATO,ENTRE EM CONTATO,,ENTRE EM CONTATO,,,,,,,,ENTRE EM CONTATO,5591985554004,5591985554004
Construção,Forro / Gesso,MAGUARI - Só Gesso,"Materias em gesso, placas, sancas...","Augusto Montenegro, 33 em frente à SEDUC","-1.3330530969558045, -48.44993667623835",Segunda a sábado das 8h às 12h e das 14h30 às 18h,08:00-12:00 e 14:30-18:00,08:00-12:00 e 14:30-18:00,08:00-12:00 e 14:30-18:00,08:00-12:00 e 14:30-18:00,08:00-12:00 e 14:30-18:00,08:00-12:00 e 14:30-18:00,,Visita para orçamento,5591989693108,5591989693108
Construção,Marcenaria / Esquadrias / Vidraçarias,MAGUARI - M R Portas,"Portas, janelas, caxilhos e alisares","Conj. Maguari - Principal, 35 entre 7 e 8","-1.3309339436286094, -48.445889388478",Segunda a sábado das 8h às 12h e das 14h às 18h,08:00-12:00 e 14:00-18:00,08:00-12:00 e 14:00-18:00,08:00-12:00 e 14:00-18:00,08:00-12:00 e 14:00-18:00,08:00-12:00 e 14:00-18:00,08:00-12:00 e 14:00-18:00,,Grátis,5591982705270,5591985066191
Construção,Tintas / Elétrica / Hidráulica,"ESPAÇO VAGO para o seu negócio, Venha fazer parte da maior vitrine digital da região.",ENTRE EM CONTATO,ENTRE EM CONTATO,,ENTRE EM CONTATO,,,,,,,,ENTRE EM CONTATO,5591985554004,5591985554004
Educação,Aulas particulares,MAGUARI - José Alberto Dulluca,"Aulas de matemática, estatística e mat. Financeira / Análise estatística de dados","Conj. Maguari - Alameda 3, 78","-1.329579931864325, -48.44858439069897",Segunda a sexta 9h às 19h,09:00-19:00,09:00-19:00,09:00-19:00,09:00-19:00,09:00-19:00,,,Presencial,5511975253343,5511975253343
Educação,Aulas particulares,SATÉLITE - Real Física Aulas Particulares,"Aulas particulares de Física e Matemática, Ensino fundamental II e Ensino Médio ","Conj. Satélite - WE 10, 286","-1.3406191116796669, -48.44682460726146",Segund a sábado das 8h às 12 e das 14h às 18h,,,,,,08:00-12:00 e 14:00-18:00,,Atende a domicílio,5591999790283,5591999790283
Educação,Autoescolas,"ESPAÇO VAGO para o seu negócio, Venha fazer parte da maior vitrine digital da região.",ENTRE EM CONTATO,ENTRE EM CONTATO,,ENTRE EM CONTATO,,,,,,,,ENTRE EM CONTATO,5591985554004,5591985554004
Educação,Curso de Idiomas,"ESPAÇO VAGO para o seu negócio, Venha fazer parte da maior vitrine digital da região.",ENTRE EM CONTATO,ENTRE EM CONTATO,,ENTRE EM CONTATO,,,,,,,,ENTRE EM CONTATO,5591985554004,5591985554004
Educação,Curso Técnicos / Profissionalizantes,MAGUARI - Educa Centro,"Cursos profissionalizantes, técnico, EJA, Bombeiro civil","Augusto Montenegro, 95 - frente ao Comando Geral","-1.3349983198946285, -48.450309081172485",Segunda a sexta 8h às 22h / Sábado e Domingo 8h às 15h,08:00-22:00,08:00-22:00,08:00-22:00,08:00-22:00,08:00-22:00,08:00-15:00,08:00-15:00,"Presencial, treinamento in company (Brigada de incêndio)",5591981803131,5591984191930
Educação,Cursos Prepatórios / ENEM,"ESPAÇO VAGO para o seu negócio, Venha fazer parte da maior vitrine digital da região.",ENTRE EM CONTATO,ENTRE EM CONTATO,,ENTRE EM CONTATO,,,,,,,,ENTRE EM CONTATO,5591985554004,5591985554004
Educação,Ensino de Esportes,TENONÉ - Clube Esportivo Tenoné,Aluguel de campo de futebol,"Tenoné - Alacid Nunes, 35 - frente ao residencial Nazereno","-1.3267182667729864, -48.44747089116072","Terças, quartas, quintas e sábados das 8h às 20h",,08:00-20:00,08:00-20:00,08:00-20:00,,08:00-20:00,,Presencial,5591986090108,5591986090108
Educação,Escola de Música,"ESPAÇO VAGO para o seu negócio, Venha fazer parte da maior vitrine digital da região.",ENTRE EM CONTATO,ENTRE EM CONTATO,,ENTRE EM CONTATO,,,,,,,,ENTRE EM CONTATO,5591985554004,5591985554004
Educação,Escolas Infantis / Fundamental / Ensino Médio,MAGUARI - Centro de Estudos Contemporâneo - CEEC,Fundamental II (6o ao 9o ano) e Ensino Médio.,Conj. Maguari - Principal entre 8 e 9,"-1.3312050173961838, -48.445454187191864",Segunda a sexta das 7h às 12h,07:00-12:00,07:00-12:00,07:00-12:00,07:00-12:00,07:00-12:00,,,Presencial,5591988458745,5591985089715
Educação,Escolas Infantis / Fundamental / Ensino Médio,MAGUARI - Escola Primeira Infância,Baby class (2 anos) até o 5º ano,"Conj. Maguari - Alameda 3, 80","-1.329463754497474, -48.44866651147992",Segunda a sexta das 7h30 às 12h,07:30-12:00,07:30-12:00,07:30-12:00,07:30-12:00,07:30-12:00,,,Presencial,5591999233088,5591999233088
Educação,Escolas Infantis / Fundamental / Ensino Médio,TENONÉ - Instituto Azevedo,"Baby class, Fundamental I e I, Ensino médio, EJA e Cursos profissionalizantes","Tenoné - Alacid Nunes, 990","-1.3259064274665633, -48.439114228580515",Turmas: Manhã e tarde,,,,,,,,Presencial,5591981569155,5591981569155
Imobiliárias,,"ESPAÇO VAGO para o seu negócio, Venha fazer parte da maior vitrine digital da região.",ENTRE EM CONTATO,ENTRE EM CONTATO,,ENTRE EM CONTATO,,,,,,,,ENTRE EM CONTATO,5591985554004,5591985554004
Lazer & Eventos,Aluguel de Trajes,"ESPAÇO VAGO para o seu negócio, Venha fazer parte da maior vitrine digital da região.",ENTRE EM CONTATO,ENTRE EM CONTATO,,ENTRE EM CONTATO,,,,,,,,ENTRE EM CONTATO,5591985554004,5591985554004
Lazer & Eventos,Buffet / Dia da Noiva,"ESPAÇO VAGO para o seu negócio, Venha fazer parte da maior vitrine digital da região.",ENTRE EM CONTATO,ENTRE EM CONTATO,,ENTRE EM CONTATO,,,,,,,,ENTRE EM CONTATO,5591985554004,5591985554004
Lazer & Eventos,Campos de Futebol / Arena / Quadras,TENONÉ - Arena Azevedo,Arena  esportiva,"Tenoné - Rua das Orquideas, 11 - entrada pela 6ª linha","-1.3241109855132378, -48.43531212621022",Segunda a sábado das 18h às 23h,18:00-23:00,18:00-23:00,18:00-23:00,18:00-23:00,18:00-23:00,18:00-23:00,,Presencial,5591986379770,5591986379770
Lazer & Eventos,Campos de Futebol / Arena / Quadras,TENONÉ - Clube Esportivo Tenoné,Aluguel de campo de futebol,"Tenoné - Alacid Nunes, 35 - frente ao residencial Nazereno","-1.3265031528856333, -48.4484488455311","Terças, quartas, quintas e sábados das 8h às 20h",,08:00-20:00,08:00-20:00,08:00-20:00,,08:00-20:00,,Presencial,5591986090108,5591986090108
Lazer & Eventos,Decoração de Eventos,TENONÉ - Bruna decorações,Decorações para eventos em geral,"Tenoné - Quinta linha, 14","-1.330022031484595, -48.439257245422155",Segunda a sábado 8h às 12 e 15h às 19h,08:00-12:00 e 15:00-19:00,08:00-12:00 e 15:00-19:00,08:00-12:00 e 15:00-19:00,08:00-12:00 e 15:00-19:00,08:00-12:00 e 15:00-19:00,08:00-12:00 e 15:00-19:00,,Presencial,5591981979990,5591991550828
Lazer & Eventos,Espaço para Eventos,"ESPAÇO VAGO para o seu negócio, Venha fazer parte da maior vitrine digital da região.",ENTRE EM CONTATO,ENTRE EM CONTATO,,ENTRE EM CONTATO,,,,,,,,ENTRE EM CONTATO,5591985554004,5591985554004
Lazer & Eventos,Locação de Brinquedos,"ESPAÇO VAGO para o seu negócio, Venha fazer parte da maior vitrine digital da região.",ENTRE EM CONTATO,ENTRE EM CONTATO,,ENTRE EM CONTATO,,,,,,,,ENTRE EM CONTATO,5591985554004,5591985554004
Lazer & Eventos,Mini Decorações / Bolo fake / Pegue e Monte,MAGUARI - Dulluca minifestas,"Mini decorações, bolo fake e pinhatas","Conj. Maguari - Alameda 3, 78","-1.329579931864325, -48.44858439069897",Segunda a sábado das 8h às 18h,08:00-18:00,08:00-18:00,08:00-18:00,08:00-18:00,08:00-18:00,08:00-18:00,,Retirada no local,5591982229235,5591982229235
Lazer & Eventos,Mini Decorações / Bolo fake / Pegue e Monte,MAGUARI - Vivi Festas,"Pegue e monte, balões personlizados, escultura de balões...",Conj. Maguari - Principal - entre 7 e 8,"-1.3309261231102554, -48.445860753859584",Segunda a sábado das 9h às 12h e das 15h30 às 18h30,09:00-12:00 e 15:30-18:30,09:00-12:00 e 15:30-18:30,09:00-12:00 e 15:30-18:30,09:00-12:00 e 15:30-18:30,09:00-12:00 e 15:30-18:30,09:00-12:00 e 15:30-18:30,,A combinar,5591980558409,5591980558409
Moda & Acessórios,Calçados / Sandalharia / Bolsas e Malas,MAGUARI - Ana Modas e Calçados,"Sandalhas, Calçados, Presentes",Conj. Maguari - Principal - entre 17 e 18,"-1.3308632929886226, -48.440242094794826",Segunda a sábado da 9h às 12h e das 15h às 20h,09:00-12:00 e 15:00-20:00,09:00-12:00 e 15:00-20:00,09:00-12:00 e 15:00-20:00,09:00-12:00 e 15:00-20:00,09:00-12:00 e 15:00-20:00,09:00-12:00 e 15:00-20:00,,Grátis,5591982894520,5591991970115
Moda & Acessórios,Calçados / Sandalharia / Bolsas e Malas,MAGUARI - Brício sapataria,"Calçados masculino/feminino/infantil, bolsas e acessórios",Conj. Maguari - Principal entre 9 e 10,"-1.3313121608747618, -48.44481379721724",Todos os dias das 8h às 13 e das 16h às 20h30,08:00-13:00 e 16:00-20:30,08:00-13:00 e 16:00-20:30,08:00-13:00 e 16:00-20:30,08:00-13:00 e 16:00-20:30,08:00-13:00 e 16:00-20:30,08:00-13:00 e 16:00-20:30,08:00-13:00 e 16:00-20:30,Grátis,5591982591874,5591982591874
Moda & Acessórios,Calçados / Sandalharia / Bolsas e Malas,TENONÉ - Merci Variedades,"Calçados, bolsas e variedades","Tenoné - 5ª linha, 38","-1.3291517676624645, -48.44031350306751",Segunda a sábado das 8h às 20h,08:00-20:00,08:00-20:00,08:00-20:00,08:00-20:00,08:00-20:00,08:00-20:00,,A combinar,5591999590654,5591999590654
Moda & Acessórios,Joias / Biojoias / Bijouterias,ANANINDEUA - Amazônia Biojoias,Acessórios em sementes,"Ananindeua - Av Ananin, bloco 4, 201",,Segunda a sexta das 8h às 12h e das 14h às 18h,08:00-12:00 e 14:00-18:00,08:00-12:00 e 14:00-18:00,08:00-12:00 e 14:00-18:00,08:00-12:00 e 14:00-18:00,08:00-12:00 e 14:00-18:00,,,A combinar,5591985882734,5591985882734
Moda & Acessórios,Joias / Biojoias / Bijouterias,MAGUARI - JoiaNela,Semijóias e folheados,"Conj. Maguari - Principal, 50","-1.331662236673242, -48.448726188497716",Segunda a sexta das 9h às 12h e das 15h às 20h,09:00-12:00 e 15:00-20:00,09:00-12:00 e 15:00-20:00,09:00-12:00 e 15:00-20:00,09:00-12:00 e 15:00-20:00,09:00-12:00 e 15:00-20:00,,,A combinar,5591980162609,5591981950755
Moda & Acessórios,Loja de aviamentos / embalagens,"ESPAÇO VAGO para o seu negócio, Venha fazer parte da maior vitrine digital da região.",ENTRE EM CONTATO,ENTRE EM CONTATO,,ENTRE EM CONTATO,,,,,,,,ENTRE EM CONTATO,5591985554004,5591985554004
Moda & Acessórios,"Moda (Masculina, Feminina, Infantil) / Cama Mesa & Banho",MAGUARI - Arte Militar,Uniformes em geral e bordados personalizados,"Conj. Maguari - Principal, 57 entre 2 e 3","-1.3314705105169304, -48.44873423512594",Segunda a sábado das 9h-12h e das 15h às 19h,09:00-12:00 e 15:00-19:00,09:00-12:00 e 15:00-19:00,09:00-12:00 e 15:00-19:00,09:00-12:00 e 15:00-19:00,09:00-12:00 e 15:00-19:00,09:00-12:00 e 15:00-19:00,,A combinar,5591988601909,5591980967442
Moda & Acessórios,"Moda (Masculina, Feminina, Infantil) / Cama Mesa & Banho",MAGUARI - Cavalcante,Moda Masculina,Conj. Maguari - Principal entre 4 e 5,"-1.3314485888978989, -48.44767084734609",Segunda a sábado das 9h às 12 e  das 16h às 20h,09:00-12:00 e 16:00-20:00,09:00-12:00 e 16:00-20:00,09:00-12:00 e 16:00-20:00,09:00-12:00 e 16:00-20:00,09:00-12:00 e 16:00-20:00,09:00-12:00 e 16:00-20:00,,A combinar,5591983604985,5591985817948
Moda & Acessórios,"Moda (Masculina, Feminina, Infantil) / Cama Mesa & Banho",MAGUARI - Miss Top,"Moda, tendências, fitness, presentes...",Conj. Maguari - Principal entre 5 e 6,"-1.3313243321856674, -48.44712872265075",Segunda a sábado das 8h30 às 12h e das 15h às 19h30,08:30-12:00 e 15:00-19:30,08:30-12:00 e 15:00-19:30,08:30-12:00 e 15:00-19:30,08:30-12:00 e 15:00-19:30,08:30-12:00 e 15:00-19:30,08:30-12:00 e 15:00-19:30,,A combinar,55919982407520,55919982407520
Moda & Acessórios,"Moda (Masculina, Feminina, Infantil) / Cama Mesa & Banho",MAGUARI - Três irmãos variedades,"Cama mesa e banho, redes, cortinas e tapetes",Conj. Maguari - Principal esquina da 4,"-1.331336658995558, -48.447819607662375",Segunda a sábado das 8h30 às 12h30 e das 15h30 às 19h30,08:30-12:30 e 15:30-19:30,08:30-12:30 e 15:30-19:30,08:30-12:30 e 15:30-19:30,08:30-12:30 e 15:30-19:30,08:30-12:30 e 15:30-19:30,08:30-12:30 e 15:30-19:30,,Grátis,5591982095500,5591982095500
Moda & Acessórios,"Moda (Masculina, Feminina, Infantil) / Cama Mesa & Banho",SATÉLITE - El Shaday Modas,"Moda, tendências, presentes...","Conj. Satélite SN 5, entre WE 8 e WE 9","-1.3407784907789155, -48.443584697606525",Segunda a sábado das 8h30 às 12h e das 16h às 20h,08:30-12:00 e 16:00-20:00,08:30-12:00 e 16:00-20:00,08:30-12:00 e 16:00-20:00,08:30-12:00 e 16:00-20:00,08:30-12:00 e 16:00-20:00,08:30-12:00 e 16:00-20:00,,A combinar,5591984597897,5591984597897
Moda & Acessórios,"Moda (Masculina, Feminina, Infantil) / Cama Mesa & Banho",TENONÉ - Ruth Modas,Moda & Confecções Feminina,"Tenoné - 5ª linha, 34","-1.3265953148981473, -48.44048352338092",Segunda a sábado das 8h30 às 12h e das 16h às 19h,08:30-12:00 e 16:00-19:00,08:30-12:00 e 16:00-19:00,08:30-12:00 e 16:00-19:00,08:30-12:00 e 16:00-19:00,08:30-12:00 e 16:00-19:00,08:30-12:00 e 16:00-19:00,,A combinar,5591984986533,5591984986533
Moda & Acessórios,Uniformes Profissionais Uniformes Escolares,COQUEIRO - TK Malharia,"Uniformes escolares, profissionais e esportivos, Camisas para eventos, Wind banner , Banner e Bandeiras","Coqueiro -  Rua Osvaldo Cruz, 32","-1.332189735543839, -48.40460472161571",Segund a sábado das 8h às 12 e das 14h às 18h30,,,,,,08:00-12:00 e 14:00-18:30,,A combinar,5591982992284,5591982992284
Pet Shop,Banho e Tosa,MAGUARI - Studio Pet Maguari,"Banho e tosa, hidratação, escovação de dentes, hidratação das patas, banho medicamentoso",Conj. Maguari - Principal esquina da 7,"-1.3311754000067937, -48.44609425620053",Terça a sábado das 8h às 18h,,08:00-18:00,08:00-18:00,08:00-18:00,08:00-18:00,08:00-18:00,,Taxi pet,5591998292115,5591998292115
Pet Shop,Banho e Tosa,MAGUARI - Vida Puppy,Centro de estética para animais,Conj. Maguari - Principal esquina da 5,"-1.33121056854483, -48.447380530931845",Segunda a sábado das 8h30 às 17h,08:30-17:00,08:30-17:00,08:30-17:00,08:30-17:00,08:30-17:00,08:30-17:00,,Taxi pet,5591980170771,5591980170771
Pet Shop,Clínica Veterinária,"ESPAÇO VAGO para o seu negócio, Venha fazer parte da maior vitrine digital da região.",ENTRE EM CONTATO,ENTRE EM CONTATO,,ENTRE EM CONTATO,,,,,,,,ENTRE EM CONTATO,5591985554004,5591985554004
Pet Shop,Cuidadores de Pets,"ESPAÇO VAGO para o seu negócio, Venha fazer parte da maior vitrine digital da região.",ENTRE EM CONTATO,ENTRE EM CONTATO,,ENTRE EM CONTATO,,,,,,,,ENTRE EM CONTATO,5591985554004,5591985554004
Pet Shop,Hotel Pet,"ESPAÇO VAGO para o seu negócio, Venha fazer parte da maior vitrine digital da região.",ENTRE EM CONTATO,ENTRE EM CONTATO,,ENTRE EM CONTATO,,,,,,,,ENTRE EM CONTATO,5591985554004,5591985554004
Pet Shop,Loja de Rações,COQUEIRO - Rações Plus,Rações em geral para cães e gatos,"Coqueiro - WE 43, 242","-1.3555620149804894, -48.408469643593",Segunda a sexta das 8h às 17h / Sábado das 8h às 12h,08:00-17:00,08:00-17:00,08:00-17:00,08:00-17:00,08:00-17:00,08:00-12:00,,Grátis,5591984865320,5591984865320
Pet Shop,Loja de Rações,MAGUARI - Meu Pet Shop,"Rações em geral, petiscos, areia...",Conj. Maguari - Principal - entre 13 e 14,"-1.331451410401645, -48.44254800033828",Segunda a sábado das 8h às 12h30 e das 15h às 19h30,08:00-12:30 e 15:00-19:30,08:00-12:30 e 15:00-19:30,08:00-12:30 e 15:00-19:30,08:00-12:30 e 15:00-19:30,08:00-12:30 e 15:00-19:30,08:00-12:30 e 15:00-19:30,,Grátis,5591988679924,5591988679924
Pet Shop,Veterinários,"ESPAÇO VAGO para o seu negócio, Venha fazer parte da maior vitrine digital da região.",ENTRE EM CONTATO,ENTRE EM CONTATO,,ENTRE EM CONTATO,,,,,,,,ENTRE EM CONTATO,5591985554004,5591985554004
Saúde & Bem-estar,Academias / Artes Marciais,MAGUARI - CT Bolo Thai,"Muay Thai, muay thai infantil, box, Jiu Jitsu, funcional... ",Augusto Montenegro em frente à SEDUC,"-1.3325167375530798, -48.44997369931873",Segunda a sábado das 7h às 12h e das 15h às 22h,07:00-12:00 e 15:00-22:00,07:00-12:00 e 15:00-22:00,07:00-12:00 e 15:00-22:00,07:00-12:00 e 15:00-22:00,07:00-12:00 e 15:00-22:00,07:00-12:00 e 15:00-22:00,,Presencial,5591990233088,5591990233088
Saúde & Bem-estar,Academias / Artes Marciais,MAGUARI - Vida Fit Academia,Saúde e Performance,Conj. Maguari - Principal - entre 3 e 4,"-1.3315622962129066, -48.44813752901567",Segunda a sábado 5h30 às 24h,05:30-24:00,05:30-24:00,05:30-24:00,05:30-24:00,05:30-24:00,05:30-24:00,,Presencial,5591920030595,5591920030595
Saúde & Bem-estar,Academias / Artes Marciais,TENONÉ - AB Amée Brito,Academia,"Tenoné 2 - 5ª linha, Quadra C, No 3","-1.3272643298730502, -48.44047828253192",Segunda a sábado das 8h às 12h e das 16h às 21h,08:00-12:00 e 16:00-21:00,08:00-12:00 e 16:00-21:00,08:00-12:00 e 16:00-21:00,08:00-12:00 e 16:00-21:00,08:00-12:00 e 16:00-21:00,08:00-12:00 e 16:00-21:00,,Presencial,5591984986533,5591984986533
Saúde & Bem-estar,Clinica de Fisioterapia / Fisoterapeuta,"ESPAÇO VAGO para o seu negócio, Venha fazer parte da maior vitrine digital da região.",ENTRE EM CONTATO,ENTRE EM CONTATO,,ENTRE EM CONTATO,,,,,,,,ENTRE EM CONTATO,5591985554004,5591985554004
Saúde & Bem-estar,Clínicas / Laboratórios,TENONÉ - LabClinic,"Exames laboratoriais, consultas, nutricionista, eletrocardiograma, ultrassom...","Tenoné - Alacid Nunes, 100 - Galeria Tenoné","-1.3260184092127214, -48.442226936959386",Segunda a sábado das 7 às 12h e das 13 às 17h,07:00-12:00 e 13:00-17:00,07:00-12:00 e 13:00-17:00,07:00-12:00 e 13:00-17:00,07:00-12:00 e 13:00-17:00,07:00-12:00 e 13:00-17:00,07:00-12:00 e 13:00-17:00,,Coleta a domicílio,5591980444602,5591982891650
Saúde & Bem-estar,Consultório Odontológico,MAGUARI - Consultório odontológico Dra. Camila Cavalcante,Atendemos a todos os procedimentos odontológicos,"Conj. Maguari - Principal, 52A - entre 4 e 5.","-1.3312793995597645, -48.44761382770573",Segunda a sábado das 8h às 18h,08:00-18:00,08:00-18:00,08:00-18:00,08:00-18:00,08:00-18:00,08:00-18:00,,Presencial,5591992037278,5591981161542
Saúde & Bem-estar,Consultório Odontológico,MAGUARI - Pró-Concept lab.,Ateliê de Prótese Dentária,"Conj. Maguari - Alameda 19, No 39","-1.3334319134080903, -48.43904823510808",Segunda a sexta das 8h às 18h,08:00-18:00,08:00-18:00,08:00-18:00,08:00-18:00,08:00-18:00,,,Atende a domicílio,5591988945194,5591988945194
Saúde & Bem-estar,Escolinha de futebol / Natação,"ESPAÇO VAGO para o seu negócio, Venha fazer parte da maior vitrine digital da região.",ENTRE EM CONTATO,ENTRE EM CONTATO,,ENTRE EM CONTATO,,,,,,,,ENTRE EM CONTATO,5591985554004,5591985554004
Saúde & Bem-estar,Farmácias,MAGUARI - Drogaria Maguari,Fármacia,"Conj. Maguari - Principal, 13 em frete ao posto","-1.3319912410816086, -48.44977199532106",Segunda a sábado das 7h30 às 22h,07:30-22:00,07:30-22:00,07:30-22:00,07:30-22:00,07:30-22:00,07:30-22:00,,A combinar,5591982066599,5591982066599
Saúde & Bem-estar,Farmácias,MAGUARI - Lucas Farma,Fármacia,Augusto Montenegro em frente ao ASSAÍ,"-1.3291554481904695, -48.44988232797012",Segunda a sábado das 8h às 12h30 e das 15h às 20h30,08:00-12:30 e 15:00-20:30,08:00-12:30 e 15:00-20:30,08:00-12:30 e 15:00-20:30,08:00-12:30 e 15:00-20:30,08:00-12:30 e 15:00-20:30,08:00-12:30 e 15:00-20:30,,A combinar,5591998205768,5591998205768
Saúde & Bem-estar,Farmácias,MAGUARI - Maguari Pharma,Fármacia,"Conj. Maguari - Principal, 75 - entre 13 e 14","-1.331131568633535, -48.44220964254578","Segunda a sábado das 8h às 12h / 16h às 21h, domingo das 8h às 12h30",08:00-12:00 e 16:00-21:00,08:00-12:00 e 16:00-21:00,08:00-12:00 e 16:00-21:00,08:00-12:00 e 16:00-21:00,08:00-12:00 e 16:00-21:00,08:00-12:00 e 16:00-21:00,08:00-12:30,A combinar,5591984363028,5591984363028
Saúde & Bem-estar,Óticas,MAGUARI - Ótica Focus,"Lentes mono e multifocais, armações em acetato, TR90 e titânio, lentes de contato, normais e grau, agendamento de exame.",Conj. Maguari - Principal esquina da 14,"-1.3312855184662244, -48.442248980115565",Segunda a sexta das 8hh30 às 11h30 e das 16h às 18h30,08:30-11:30 e 16:00-18:30,08:30-11:30 e 16:00-18:30,08:30-11:30 e 16:00-18:30,08:30-11:30 e 16:00-18:30,08:30-11:30 e 16:00-18:30,,,Atende a domicílio,5591981602083,5591982126905
Saúde & Bem-estar,Óticas,MAGUARI - Ótica Relopeças,"Armações, lentes, lentes de contato, consertos","Conj. Maguari - Principal, 38 - entre 5 e 6","-1.3310787890715783, -48.44704767059396",Segunda a sábado das 8h às 13h e das 15h às 18h,08:00-13:00 e 15:00-18:00,08:00-13:00 e 15:00-18:00,08:00-13:00 e 15:00-18:00,08:00-13:00 e 15:00-18:00,08:00-13:00 e 15:00-18:00,08:00-13:00 e 15:00-18:00,,Grátis,5591988527686,5591987330402
Saúde & Bem-estar,Óticas,MAGUARI - Ótica Suzy,"Exames de vista, armações, lentes, lentes de contato...",Augusto Montenegro em frente à SEDUC,"-1.3323835670285904, -48.4499263892001",Segunda a sábado das 8h às 12 e das 14h às 18h,08:00-12:00 e 14:00-18:00,08:00-12:00 e 14:00-18:00,08:00-12:00 e 14:00-18:00,08:00-12:00 e 14:00-18:00,08:00-12:00 e 14:00-18:00,08:00-12:00 e 14:00-18:00,,A combinar,5591981405856,5591981029147
Saúde & Bem-estar,Óticas,SATÉLITE - Ótica Fabinny,"Consulta oftalmológica, óculos de grau/sol, lentes digitais e lentes de contato","Conj. Satélite - WE 8, 752 - próximo da UBS","-1.3408807281273722, -48.442248746415096",Segunda a sexta das 8h às 12h30 e das 15h às 1830 / sábado das 8h às 12h,08:00-12:30 e 15:00-18:30,08:00-12:30 e 15:00-18:30,08:00-12:30 e 15:00-18:30,08:00-12:30 e 15:00-18:30,08:00-12:30 e 15:00-18:30,08:00-12:00,,Atende a domicílio,5591985017611,5591985017611
Saúde & Bem-estar,Óticas,TENONÉ - Ótica Belajô,"Armações, lentes, lentes de contato, consertos","Tenoné - Feira da sexta linha, Box 2","-1.3225937960790133, -48.43608563437683",Segunda a sábado das 7h às 12h e das 14h às 18h,07:00-12:00 e 14:00-18:00,07:00-12:00 e 14:00-18:00,07:00-12:00 e 14:00-18:00,07:00-12:00 e 14:00-18:00,07:00-12:00 e 14:00-18:00,07:00-12:00 e 14:00-18:00,,A combinar,5591998165560,5591998165560
Saúde & Bem-estar,Óticas,TENONÉ - Ótica Forte,"Armações e lentes nacionais e importadas, lentes digitais grau e estética","Tenoné - Alacid Nunes, Box 3 - feira da 5a linha","-1.3258820903543378, -48.44031374779096",Segunda a sexta das 8h30 às 12h e das 16h às 19h / Sábado das 8h30 às 12h,08:30-12:00 e 16:00-19:00,08:30-12:00 e 16:00-19:00,08:30-12:00 e 16:00-19:00,08:30-12:00 e 16:00-19:00,08:30-12:00 e 16:00-19:00,08:30-12:00,,Atende a domicílio,5591989025977,5591989025977
Saúde & Bem-estar,Óticas,TENONÉ - Ótica Semente,Ótica móvel,"Tenoné - Alacid Nunes, 148","-1.3261307986195803, -48.442418611311425",Segunda a sábado das 8h às 12 e das 15h às 19h,08:00-12:00 e 15:00-19:00,08:00-12:00 e 15:00-19:00,08:00-12:00 e 15:00-19:00,08:00-12:00 e 15:00-19:00,08:00-12:00 e 15:00-19:00,08:00-12:00 e 15:00-19:00,,Presencial,5591999651309,5591999651309
Saúde & Bem-estar,Planos de Saúde,MAGUARI - Martins Plano de Sáude,"Trabalhamos com: Bradesco, SulAmérica, Unimed, Hapvida, Planos odontológicos...","Conj. Maguari - Alameda 7, 48","-1.3315243044789289, -48.445956457006716",Atendemos 24 horas (Online),24h,24h,24h,24h,24h,24h,24h,Online,5591981044248,5591981044248
Saúde & Bem-estar,Produtos Naturais,MAGUARI - Vida Verde Maguari,"Produtos naturais, Grãos, Sementes, Farinhas, Suplementos, Ervas, Cereais, Temperos...",Conj. Maguari - Principal entre 2 e 3 - Loja 7.,"-1.3316351346362465, -48.44867092177132",Segunda a sábado das 8h às 12h e das 15h às 19h,08:00-12:00 e 15:00-19:00,08:00-12:00 e 15:00-19:00,08:00-12:00 e 15:00-19:00,08:00-12:00 e 15:00-19:00,08:00-12:00 e 15:00-19:00,08:00-12:00 e 15:00-19:00,,Fazemos entregas a combinar,5591985057159,5591985057159
Saúde & Bem-estar,Produtos Naturais,SATÉLITE - Casa das ervas Satélite,"Produto naturais, ervas...","Conj. Satélite - SN 5, entre WE 8 e WE 9","-1.3408519630173148, -48.44357025260991",Segunda a sábado das 8h às 12h e das 16h às 19h / Domingo 8h às 12h,08:00-12:00 e 16:00-19:00,08:00-12:00 e 16:00-19:00,08:00-12:00 e 16:00-19:00,08:00-12:00 e 16:00-19:00,08:00-12:00 e 16:00-19:00,08:00-12:00 e 16:00-19:00,08:00-12:00,Grátis no Satélite (a combinar nas demais localidades),5591985198484,5591985198484
Saúde & Bem-estar,Proteção e Conforto,COQUEIRO - Protec Telas: Telas Mosquiteiras,Fabriacamos telas mosqueteiras sob medida.,"Conj. Ariri Bolonha - quadra 24, No 17","-1.349756989155312, -48.439106653772164",Segunda a sábado das 8h às 18h,08:00-18:00,08:00-18:00,08:00-18:00,08:00-18:00,08:00-18:00,08:00-18:00,,Orçamento grátis,5591980460161,5591980460161
Saúde & Bem-estar,Studio de Danças,SATÉLITE - Studio de Dança Petit Jeté,"Aulas de Ballet Clássico para Crianças, Jovens e Adultos","Conj. Satélite - WE 11, 496","-1.3399253929932693, -48.4449715906559",Segunda a sexta das 8h às 12h e das 14h às 19h,08:00-12:00 e 14:00-19:00,08:00-12:00 e 14:00-19:00,08:00-12:00 e 14:00-19:00,08:00-12:00 e 14:00-19:00,08:00-12:00 e 14:00-19:00,,,Presencial,5591983252891,5591983252891
Serviços,Advocacia / Empréstimo / Contabilidade / Despachante,COQUEIRO - Emerson Rodrigues Advocacia,"Prestação de serviços de advocacia, assessoria e consultoria jurídica. ","Coqueiro - Rua dos funcionários, 28.","-1.3420510584608965, -48.45029664860023",Todos os dias das 8h às 18h,08:00-18:00,08:00-18:00,08:00-18:00,08:00-18:00,08:00-18:00,08:00-18:00,08:00-18:00,Atende a domicílio,5591992969462,5591992969462
Serviços,Advocacia / Empréstimo / Contabilidade / Despachante,MAGUARI - Focus Cred,"Empréstimos, consignados, Financiamento...",Conj. Maguari - Principal esquina da 8,"-1.3308989904864763, -48.44575264280969",Segunda a sexta das 8h30 às 12h e das 14h30 às 17h,08:30-12:00 e 14:30-17:00,08:30-12:00 e 14:30-17:00,08:30-12:00 e 14:30-17:00,08:30-12:00 e 14:30-17:00,08:30-12:00 e 14:30-17:00,,,Online e presencial,5591985846229,5591985846229
Serviços,Advocacia / Empréstimo / Contabilidade / Despachante,MAGUARI - Nazareno despachante,Serviços de despachante junto ao detran,"Conj. Maguari - Alameda 3, 78","-1.329579931864325, -48.44858439069897",Seguda a sábado das 9h às 18h,09:00-18:00,09:00-18:00,09:00-18:00,09:00-18:00,09:00-18:00,09:00-18:00,,Online e presencial,5591988153648,5591988153648
Serviços,Advocacia / Empréstimo / Contabilidade / Despachante,SATÉLITE - Solange Abreu Serviços de Contabilidade,"Abertura/baixa de empresas, declarações acessórias, dept de pessoal e RH","Conj. Satélite - WE 8, 775 - próximo da UBS","-1.340513554753173, -48.442304935107984",Segunda a sexta das 9h às 18h,09:00-18:00,09:00-18:00,09:00-18:00,09:00-18:00,09:00-18:00,,,Visita ao cliente,5591983306746,5591983306746
Serviços,Advocacia / Empréstimo / Contabilidade / Despachante,TENONÉ - Carlos Eduardo Contabilista,Serviços contábeis em geral,"Tenoné - 1º de maio, 46 - Conj. Celso Daniel","-1.3226770474111742, -48.437331973933325",Segunda a sábado das 9h às 17h,09:00-17:00,09:00-17:00,09:00-17:00,09:00-17:00,09:00-17:00,09:00-17:00,,Atende a domicílio,5591983154088,5591983154088
Serviços,Assistência Técnica / Peças e acessórios,MAGUARI - Double Tech,Assistência e acessórios para Smartphones: Iphone e Android,Conj. Maguari - Principal na galeria do posto,"-1.3316158728018546, -48.44914739803703",Segunda a sábado das 9h às 13 e das 15h30 às 20h30,09:00-13:00 e 15:30-20:30,09:00-13:00 e 15:30-20:30,09:00-13:00 e 15:30-20:30,09:00-13:00 e 15:30-20:30,09:00-13:00 e 15:30-20:30,09:00-13:00 e 15:30-20:30,,Retira e entrega grátis,5591985118282,5591989290909
Serviços,Assistência Técnica / Peças e acessórios,MAGUARI - Hraby Celular e Games,Games e assistência técnica de celulares,"Conj. Maguari - Principal, 3B","-1.3318794242103034, -48.44971570734206",Segunda a sábado 8h30 às 20h30,08:30-20:30,08:30-20:30,08:30-20:30,08:30-20:30,08:30-20:30,08:30-20:30,,Grátis,5591984939361,5591981495607
Serviços,Assistência Técnica / Peças e acessórios,MAGUARI - Junior Cell Variedades,"Assistência e acessórios para Smartphones: Iphone e Android, Xerox, papelaria...",Conj. Maguari - Principal entre 17 e 20.,"-1.3308609387050765, -48.43957636211368",Segunda a sábado das 8h30 às 13h e das 16h às 20h / Domingo das 8h às 13h,08:30-13:00 e 16:00-20:00,08:30-13:00 e 16:00-20:00,08:30-13:00 e 16:00-20:00,08:30-13:00 e 16:00-20:00,08:30-13:00 e 16:00-20:00,08:30-13:00 e 16:00-20:00,08:00-13:00,A combinar,5591983481053,5591993138011
Serviços,Assistência Técnica / Peças e acessórios,MAGUARI - PROXX Informática,"Assstência em notebooks, PC e impressoras, acessórios",Conj. Maguari - Principal esquina da 7,"-1.3309992899981284, -48.4461926145972",Segunda a sábado das 8h às 12h e das 15h às 19h,08:00-12:00 e 15:00-19:00,08:00-12:00 e 15:00-19:00,08:00-12:00 e 15:00-19:00,08:00-12:00 e 15:00-19:00,08:00-12:00 e 15:00-19:00,08:00-12:00 e 15:00-19:00,,Pesencial,5591981988787,5591998098504
Serviços,Assistência Técnica / Peças e acessórios,MAGUARI - Refrimar,Refrigeração e eletrica em geral.,Visita ao domicílio,,Segunda a sábado das 7h às 19h,07:00-19:00,07:00-19:00,07:00-19:00,07:00-19:00,07:00-19:00,07:00-19:00,,Domicílio,5591985904444,5591985904444
Serviços,Assistência Técnica / Peças e acessórios,TENONÉ - JCELL,"Assistência e acessórios para Smartphones: Iphone e Android, variedades, presentes, caixa de som...","Tenoné - Alacid Nunes, esquina da 5ª linha","-1.3259279406755173, -48.44055201357997",Segunda a sábado das 8h às 13h e das 16h às 20h / Domingo e feriados das 9h às 13h,08:00-13:00 e 16:00-20:00,08:00-13:00 e 16:00-20:00,08:00-13:00 e 16:00-20:00,08:00-13:00 e 16:00-20:00,08:00-13:00 e 16:00-20:00,08:00-13:00 e 16:00-20:00,09:00-13:00,Presencial,5591998200362,5591998200362
Serviços,Bike / Manutenção / Peças e acessórios,MAGUARI - Waldo Bike,Venda a manutenção de Bike / Assistência de celular,Conj. Maguari - Principal - entre 5 e 6,"-1.3311226383190073, -48.446889988941614",Segunda a sábado 7h às 18h,07:00-18:00,07:00-18:00,07:00-18:00,07:00-18:00,07:00-18:00,07:00-18:00,,A combinar,5591985993222,5591992927245
Serviços,Higienização de Estofados,COQUEIRO - Limp Service,Higienização de estofados,"Coqueiro - WE 62, 482","-1.3549074110819277, -48.39216483510787",Segunda a sexta das 8h às 18h,08:00-18:00,08:00-18:00,08:00-18:00,08:00-18:00,08:00-18:00,,,Serviço a domicílio,5591981917904,5591981917904
Serviços,Internet / Entretenimento / Games / Streaming,MAGUARI - Curta Movie Info,Cinema em casa em 4k,"Conj. Maguari - R. L. Icoaraci, 380 ","-1.3302059662012953, -48.456095035939825",Todos os dias das 9h às 22h,09:00-22:00,09:00-22:00,09:00-22:00,09:00-22:00,09:00-22:00,09:00-22:00,09:00-22:00,Online,5591999811179,5591999811179
Serviços,Internet / Entretenimento / Games / Streaming,SÃO BRÁS - TV Brás,IPTV - canal fechado,"São Brás - Rua Benjamin Constant, Q7 - casa 7",,24 horas - todos os dias,24h,24h,24h,24h,24h,24h,24h,Online,5591988902168,5591989397090
Serviços,Maquininha de cartão / Split de pagamento,MAGUARI - Split de pagamento Libberpay,"Soluções de pagamentos de cartão de crédito, débito, pixe e boleto, como forma de reduzir os custos,  através de ajuste fiscal tributário","Passagem Newton Miranda, 132.","-1.3988787973552428, -48.43095215519965",Segunda a sexta das 8h às 18h,08:00-18:00,08:00-18:00,08:00-18:00,08:00-18:00,08:00-18:00,,,Grátis,5591980732880,5591980732880
Serviços,Pedreiro/Encanador  Eletricista / Pintor  Carpinteiro...,40 HORAS - JR Construção Eletricista Predial ,"Todos os serviços de eletricista: Quadro elético, luminárias, bombas, chuveiro.","40 Horas - Passagem Oliveira, 9","-1.3521607557544943, -48.41882475922769",Segunda a sexta das 6h30 às 17h,06:30-17:00,06:30-17:00,06:30-17:00,06:30-17:00,06:30-17:00,,,Atende a domicílio,5591981791319,5591981791319
Serviços,Pedreiro/Encanador  Eletricista / Pintor  Carpinteiro...,40 HORAS - JR Construção Serviço de Pedreiro,Da fundação até a entrega das chaves,"40 Horas - Passagem Oliveira, 9","-1.3521607557544943, -48.41882475922769",Segunda a sexta das 6h30 às 17h,06:30-17:00,06:30-17:00,06:30-17:00,06:30-17:00,06:30-17:00,,,Atende a domicílio,5591981791319,5591981791319
Serviços,Pedreiro/Encanador  Eletricista / Pintor  Carpinteiro...,ICOARACI - Anderson Construções e Reformas,Construção e reformas em geral,"Icoaraci -  passagem menino Deus, 137a","-1.3043459078373132, -48.472870906272234",Segunda a sesta das 8h às 18h,08:00-18:00,,,,,,,Atende a domicílio,5591980707946,5591980707946
Serviços,Pedreiro/Encanador  Eletricista / Pintor  Carpinteiro...,MAGUARI - Pinturas Pantera Cor de Rosa,"Pinturas em geral, Abre Letras (Letrista)","MAGUARI - Rua Belém, 20","-1.3291541043236383, -48.44935432801784",Todos os dias das 8h às 18h,08:00-18:00,08:00-18:00,08:00-18:00,08:00-18:00,08:00-18:00,08:00-18:00,08:00-18:00,Atende a domicílio,5591920066428,5591920066428
Serviços,Pedreiro/Encanador  Eletricista / Pintor  Carpinteiro...,TENONÉ - Francisco Metalurgico,Serviços de metalurgia em geral,,,Segunda a sábado das 7h às 12h e das 14h às 18h,07:00-12:00 e 14:00-18:00,07:00-12:00 e 14:00-18:00,07:00-12:00 e 14:00-18:00,07:00-12:00 e 14:00-18:00,07:00-12:00 e 14:00-18:00,07:00-12:00 e 14:00-18:00,,Atende a domicílio,5591982329042,5591982329042
Serviços,Pedreiro/Encanador  Eletricista / Pintor  Carpinteiro...,TENONÉ - Metalurgica 6a Linha,"Metalurgia e Cominicação Visual, Carro de lanche","Tenoné - 6a Linha, 65C","-1.3232763129333847, -48.43589697743637",Segunda a sexta das 8h às 18h,08:00-18:00,08:00-18:00,08:00-18:00,08:00-18:00,08:00-18:00,,,Atende a domicílio,5591981715904,5591981715904
Serviços,Pedreiro/Encanador  Eletricista / Pintor  Carpinteiro...,TENONÉ - Metalurgica Ideal,Serviços de metalurgia em geral,"Tenoné - Principal WE 2, 17","-1.3232481974183523, -48.43552288127965",Segunda a sábado das 7h às 12h e das 14h às 18h,07:00-12:00 e 14:00-18:00,07:00-12:00 e 14:00-18:00,07:00-12:00 e 14:00-18:00,07:00-12:00 e 14:00-18:00,07:00-12:00 e 14:00-18:00,07:00-12:00 e 14:00-18:00,,Atende a domicílio,5591987211366,5591987211366
Serviços,Pedreiro/Encanador  Eletricista / Pintor  Carpinteiro...,TENONÉ - Pedro Marceneiro,"Móveis planejados, portas, janelas...","Rua Mario Andreaza, 48","-1.32864444987698, -48.45320769092856",Segunda a sexta das 8h às 18h,08:00-18:00,08:00-18:00,08:00-18:00,08:00-18:00,08:00-18:00,,,Atende a domicílio,5591980214621,5591980214621
Serviços,Xerox & Gráfica / Chaves & Carimbos /  Personalizados,MAGUARI - Chaveiro Paraense,"Serviços de chaveiro em geral, carimbos",Conj. Maguari - Principal esquina da 6,"-1.3286009872308324, -48.4516230486003",Segunda a sexta das 8h às 12h e das 15h às 19h,08:00-12:00 e 15:00-19:00,08:00-12:00 e 15:00-19:00,08:00-12:00 e 15:00-19:00,08:00-12:00 e 15:00-19:00,08:00-12:00 e 15:00-19:00,,,Presencial e domicílio,5591981862500,5591982403012
Serviços,Xerox & Gráfica / Chaves & Carimbos /  Personalizados,TENONÉ - Eduardo Chaveiro,Serviços de chaveiro em geral,"Tenoné - Quinta linha, Box 3 ","-1.3301022640517133, -48.43904190449877",Segunda a sábado 8h às 12 e 15h às 19h,08:00-12:00 e 15:00-19:00,08:00-12:00 e 15:00-19:00,08:00-12:00 e 15:00-19:00,08:00-12:00 e 15:00-19:00,08:00-12:00 e 15:00-19:00,08:00-12:00 e 15:00-19:00,,Presencial,5591982585399,5591982585399
Serviços,Xerox & Gráfica / Chaves & Carimbos /  Personalizados,TENONÉ - RX Informática,"Serviços de impressão em geral, revelação de fotos, platificação...","Tenoné - WE 1, Quadra 19, No 1",,Segunda a sábado das 9h às 12h e das 16h às 20h,09:00-12:00 e 16:00-20:00,09:00-12:00 e 16:00-20:00,09:00-12:00 e 16:00-20:00,09:00-12:00 e 16:00-20:00,09:00-12:00 e 16:00-20:00,09:00-12:00 e 16:00-20:00,,Presencial,5591985076018,5591985076018
